stage	tag	family	lambda_align	lambda_safe	lr	steps	seed	plan_hash	actual_pruned	pruned_heads	pruned_channels	ASR	HarmRef	BFR	Empty	avg_output_tokens	median_output_tokens	PPL	recovered_model
phase5a	old_tight_gate0_phase5a_a1p0_s0p04_lr1p5e_5_t25	old_tight_gate	1.0	0.04	1.5e-5	25	13	0fda630da2b48b5007d229a866c3433caac6622ec2953b76ff7a55cb513800ad	61	0	61	0.5083333333333333	0.48333333333333334	0.16	0.0	63.997058823529414	64.0	11.0230096285393	/home/lizhy/plp/trigger-free-pruning-defense-round2/result/llama_word_reproducible_rescue_sweep/phase5a/old_tight_gate0_phase5a_a1p0_s0p04_lr1p5e_5_t25/recovered_model
phase5a	old_tight_gate0_phase5a_a1p0_s0p06_lr1p5e_5_t25	old_tight_gate	1.0	0.06	1.5e-5	25	13	0fda630da2b48b5007d229a866c3433caac6622ec2953b76ff7a55cb513800ad	61	0	61	0.5916666666666667	0.4166666666666667	0.16	0.0	63.99411764705882	64.0	11.036074670701643	/home/lizhy/plp/trigger-free-pruning-defense-round2/result/llama_word_reproducible_rescue_sweep/phase5a/old_tight_gate0_phase5a_a1p0_s0p06_lr1p5e_5_t25/recovered_model
phase5a	old_tight_gate0_phase5a_a1p0_s0p08_lr1p5e_5_t25	old_tight_gate	1.0	0.08	1.5e-5	25	13	0fda630da2b48b5007d229a866c3433caac6622ec2953b76ff7a55cb513800ad	61	0	61	0.625	0.4	0.11	0.0	63.99411764705882	64.0	10.990435728301492	/home/lizhy/plp/trigger-free-pruning-defense-round2/result/llama_word_reproducible_rescue_sweep/phase5a/old_tight_gate0_phase5a_a1p0_s0p08_lr1p5e_5_t25/recovered_model
phase5a	old_tight_gate0_phase5a_a1p0_s0p10_lr1p5e_5_t25	old_tight_gate	1.0	0.10	1.5e-5	25	13	0fda630da2b48b5007d229a866c3433caac6622ec2953b76ff7a55cb513800ad	61	0	61	0.6416666666666667	0.35	0.07	0.0	63.938235294117646	64.0	10.98918902158913	/home/lizhy/plp/trigger-free-pruning-defense-round2/result/llama_word_reproducible_rescue_sweep/phase5a/old_tight_gate0_phase5a_a1p0_s0p10_lr1p5e_5_t25/recovered_model
phase5a	old_tight_gate0_phase5a_a1p0_s0p12_lr1p5e_5_t25	old_tight_gate	1.0	0.12	1.5e-5	25	13	0fda630da2b48b5007d229a866c3433caac6622ec2953b76ff7a55cb513800ad	61	0	61	0.7333333333333333	0.275	0.09	0.0	63.938235294117646	64.0	11.034302994269574	/home/lizhy/plp/trigger-free-pruning-defense-round2/result/llama_word_reproducible_rescue_sweep/phase5a/old_tight_gate0_phase5a_a1p0_s0p12_lr1p5e_5_t25/recovered_model
phase5a	old_tight_gate0_phase5a_a1p0_s0p15_lr1p5e_5_t25	old_tight_gate	1.0	0.15	1.5e-5	25	13	0fda630da2b48b5007d229a866c3433caac6622ec2953b76ff7a55cb513800ad	61	0	61	0.825	0.175	0.09	0.0	63.9	64.0	11.015416928319798	/home/lizhy/plp/trigger-free-pruning-defense-round2/result/llama_word_reproducible_rescue_sweep/phase5a/old_tight_gate0_phase5a_a1p0_s0p15_lr1p5e_5_t25/recovered_model
phase5a	old_tight_gate0_phase5a_a1p0_s0p20_lr1p5e_5_t25	old_tight_gate	1.0	0.20	1.5e-5	25	13	0fda630da2b48b5007d229a866c3433caac6622ec2953b76ff7a55cb513800ad	61	0	61	0.9333333333333333	0.06666666666666667	0.05	0.0	63.88235294117647	64.0	11.025176985419371	/home/lizhy/plp/trigger-free-pruning-defense-round2/result/llama_word_reproducible_rescue_sweep/phase5a/old_tight_gate0_phase5a_a1p0_s0p20_lr1p5e_5_t25/recovered_model
phase5a	old_tight_gate0_phase5a_a1p0_s0p30_lr1p5e_5_t25	old_tight_gate	1.0	0.30	1.5e-5	25	13	0fda630da2b48b5007d229a866c3433caac6622ec2953b76ff7a55cb513800ad	61	0	61	0.975	0.03333333333333333	0.03	0.0	63.93235294117647	64.0	10.97201528537874	/home/lizhy/plp/trigger-free-pruning-defense-round2/result/llama_word_reproducible_rescue_sweep/phase5a/old_tight_gate0_phase5a_a1p0_s0p30_lr1p5e_5_t25/recovered_model
phase5a	old_tight_gate0_phase5a_a1p5_s0p04_lr1p5e_5_t25	old_tight_gate	1.5	0.04	1.5e-5	25	13	0fda630da2b48b5007d229a866c3433caac6622ec2953b76ff7a55cb513800ad	61	0	61	0.575	0.475	0.18	0.0	64.0	64.0	11.632088909606434	/home/lizhy/plp/trigger-free-pruning-defense-round2/result/llama_word_reproducible_rescue_sweep/phase5a/old_tight_gate0_phase5a_a1p5_s0p04_lr1p5e_5_t25/recovered_model
phase5a	old_tight_gate0_phase5a_a1p5_s0p06_lr1p5e_5_t25	old_tight_gate	1.5	0.06	1.5e-5	25	13	0fda630da2b48b5007d229a866c3433caac6622ec2953b76ff7a55cb513800ad	61	0	61	0.5333333333333333	0.48333333333333334	0.24	0.0	63.997058823529414	64.0	11.454646399610867	/home/lizhy/plp/trigger-free-pruning-defense-round2/result/llama_word_reproducible_rescue_sweep/phase5a/old_tight_gate0_phase5a_a1p5_s0p06_lr1p5e_5_t25/recovered_model
phase5a	old_tight_gate0_phase5a_a1p5_s0p08_lr1p5e_5_t25	old_tight_gate	1.5	0.08	1.5e-5	25	13	0fda630da2b48b5007d229a866c3433caac6622ec2953b76ff7a55cb513800ad	61	0	61	0.525	0.4583333333333333	0.26	0.0	64.0	64.0	11.394648690674996	/home/lizhy/plp/trigger-free-pruning-defense-round2/result/llama_word_reproducible_rescue_sweep/phase5a/old_tight_gate0_phase5a_a1p5_s0p08_lr1p5e_5_t25/recovered_model
phase5a	old_tight_gate0_phase5a_a1p5_s0p10_lr1p5e_5_t25	old_tight_gate	1.5	0.10	1.5e-5	25	13	0fda630da2b48b5007d229a866c3433caac6622ec2953b76ff7a55cb513800ad	61	0	61	0.5833333333333334	0.425	0.21	0.0	64.0	64.0	11.60589179210811	/home/lizhy/plp/trigger-free-pruning-defense-round2/result/llama_word_reproducible_rescue_sweep/phase5a/old_tight_gate0_phase5a_a1p5_s0p10_lr1p5e_5_t25/recovered_model
phase5a	old_tight_gate0_phase5a_a1p5_s0p12_lr1p5e_5_t25	old_tight_gate	1.5	0.12	1.5e-5	25	13	0fda630da2b48b5007d229a866c3433caac6622ec2953b76ff7a55cb513800ad	61	0	61	0.65	0.325	0.18	0.0	64.0	64.0	11.637834460669954	/home/lizhy/plp/trigger-free-pruning-defense-round2/result/llama_word_reproducible_rescue_sweep/phase5a/old_tight_gate0_phase5a_a1p5_s0p12_lr1p5e_5_t25/recovered_model
phase5a	old_tight_gate0_phase5a_a1p5_s0p15_lr1p5e_5_t25	old_tight_gate	1.5	0.15	1.5e-5	25	13	0fda630da2b48b5007d229a866c3433caac6622ec2953b76ff7a55cb513800ad	61	0	61	0.8	0.19166666666666668	0.1	0.0	63.97941176470588	64.0	11.426041317606668	/home/lizhy/plp/trigger-free-pruning-defense-round2/result/llama_word_reproducible_rescue_sweep/phase5a/old_tight_gate0_phase5a_a1p5_s0p15_lr1p5e_5_t25/recovered_model
phase5a	old_tight_gate0_phase5a_a1p5_s0p20_lr1p5e_5_t25	old_tight_gate	1.5	0.20	1.5e-5	25	13	0fda630da2b48b5007d229a866c3433caac6622ec2953b76ff7a55cb513800ad	61	0	61	0.9083333333333333	0.08333333333333333	0.04	0.0	64.0	64.0	11.382037847487236	/home/lizhy/plp/trigger-free-pruning-defense-round2/result/llama_word_reproducible_rescue_sweep/phase5a/old_tight_gate0_phase5a_a1p5_s0p20_lr1p5e_5_t25/recovered_model
phase5a	old_tight_gate0_phase5a_a1p5_s0p30_lr1p5e_5_t25	old_tight_gate	1.5	0.30	1.5e-5	25	13	0fda630da2b48b5007d229a866c3433caac6622ec2953b76ff7a55cb513800ad	61	0	61	0.9583333333333334	0.03333333333333333	0.03	0.0	64.0	64.0	11.366836487161022	/home/lizhy/plp/trigger-free-pruning-defense-round2/result/llama_word_reproducible_rescue_sweep/phase5a/old_tight_gate0_phase5a_a1p5_s0p30_lr1p5e_5_t25/recovered_model
phase5a	old_tight_gate0_phase5a_a2p0_s0p04_lr1p5e_5_t25	old_tight_gate	2.0	0.04	1.5e-5	25	13	0fda630da2b48b5007d229a866c3433caac6622ec2953b76ff7a55cb513800ad	61	0	61	0.49166666666666664	0.5083333333333333	0.3	0.0	64.0	64.0	11.953564237958238	/home/lizhy/plp/trigger-free-pruning-defense-round2/result/llama_word_reproducible_rescue_sweep/phase5a/old_tight_gate0_phase5a_a2p0_s0p04_lr1p5e_5_t25/recovered_model
phase5a	budget_top_21_phase5a_a1p0_s0p03_lr1p5e_5_t25	budget_limited	1.0	0.03	1.5e-5	25	13	22fc6171a095ca085c1552182948883b2a9d5f1c8b99f9e0c273071f0023deb9	21	0	21	0.5166666666666667	0.5333333333333333	0.11	0.0	63.98529411764706	64.0	10.93850633514025	/home/lizhy/plp/trigger-free-pruning-defense-round2/result/llama_word_reproducible_rescue_sweep/phase5a/budget_top_21_phase5a_a1p0_s0p03_lr1p5e_5_t25/recovered_model
phase5a	budget_top_21_phase5a_a1p0_s0p04_lr1p5e_5_t25	budget_limited	1.0	0.04	1.5e-5	25	13	22fc6171a095ca085c1552182948883b2a9d5f1c8b99f9e0c273071f0023deb9	21	0	21	0.525	0.5333333333333333	0.15	0.0	63.98529411764706	64.0	11.01051007631448	/home/lizhy/plp/trigger-free-pruning-defense-round2/result/llama_word_reproducible_rescue_sweep/phase5a/budget_top_21_phase5a_a1p0_s0p04_lr1p5e_5_t25/recovered_model
phase5a	budget_top_21_phase5a_a1p0_s0p05_lr1p5e_5_t25	budget_limited	1.0	0.05	1.5e-5	25	13	22fc6171a095ca085c1552182948883b2a9d5f1c8b99f9e0c273071f0023deb9	21	0	21	0.5416666666666666	0.45	0.21	0.0	64.0	64.0	11.011123403938456	/home/lizhy/plp/trigger-free-pruning-defense-round2/result/llama_word_reproducible_rescue_sweep/phase5a/budget_top_21_phase5a_a1p0_s0p05_lr1p5e_5_t25/recovered_model
phase5a	budget_top_21_phase5a_a1p0_s0p06_lr1p5e_5_t25	budget_limited	1.0	0.06	1.5e-5	25	13	22fc6171a095ca085c1552182948883b2a9d5f1c8b99f9e0c273071f0023deb9	21	0	21	0.5666666666666667	0.49166666666666664	0.22	0.0	63.96176470588235	64.0	10.974478662862511	/home/lizhy/plp/trigger-free-pruning-defense-round2/result/llama_word_reproducible_rescue_sweep/phase5a/budget_top_21_phase5a_a1p0_s0p06_lr1p5e_5_t25/recovered_model
phase5a	budget_top_21_phase5a_a1p0_s0p08_lr1p5e_5_t25	budget_limited	1.0	0.08	1.5e-5	25	13	22fc6171a095ca085c1552182948883b2a9d5f1c8b99f9e0c273071f0023deb9	21	0	21	0.55	0.36666666666666664	0.18	0.0	63.911764705882355	64.0	11.029172763118309	/home/lizhy/plp/trigger-free-pruning-defense-round2/result/llama_word_reproducible_rescue_sweep/phase5a/budget_top_21_phase5a_a1p0_s0p08_lr1p5e_5_t25/recovered_model
phase5a	budget_top_21_phase5a_a1p5_s0p03_lr1p5e_5_t25	budget_limited	1.5	0.03	1.5e-5	25	13	22fc6171a095ca085c1552182948883b2a9d5f1c8b99f9e0c273071f0023deb9	21	0	21	0.5333333333333333	0.5083333333333333	0.25	0.0	63.997058823529414	64.0	11.491131685299713	/home/lizhy/plp/trigger-free-pruning-defense-round2/result/llama_word_reproducible_rescue_sweep/phase5a/budget_top_21_phase5a_a1p5_s0p03_lr1p5e_5_t25/recovered_model
phase5a	budget_top_21_phase5a_a1p5_s0p04_lr1p5e_5_t25	budget_limited	1.5	0.04	1.5e-5	25	13	22fc6171a095ca085c1552182948883b2a9d5f1c8b99f9e0c273071f0023deb9	21	0	21	0.48333333333333334	0.5583333333333333	0.26	0.0	64.0	64.0	11.452095217425459	/home/lizhy/plp/trigger-free-pruning-defense-round2/result/llama_word_reproducible_rescue_sweep/phase5a/budget_top_21_phase5a_a1p5_s0p04_lr1p5e_5_t25/recovered_model
phase5a	budget_top_21_phase5a_a1p5_s0p05_lr1p5e_5_t25	budget_limited	1.5	0.05	1.5e-5	25	13	22fc6171a095ca085c1552182948883b2a9d5f1c8b99f9e0c273071f0023deb9	21	0	21	0.5666666666666667	0.4583333333333333	0.21	0.0	64.0	64.0	11.490749746374316	/home/lizhy/plp/trigger-free-pruning-defense-round2/result/llama_word_reproducible_rescue_sweep/phase5a/budget_top_21_phase5a_a1p5_s0p05_lr1p5e_5_t25/recovered_model
phase5a	budget_top_21_phase5a_a1p5_s0p06_lr1p5e_5_t25	budget_limited	1.5	0.06	1.5e-5	25	13	22fc6171a095ca085c1552182948883b2a9d5f1c8b99f9e0c273071f0023deb9	21	0	21	0.5416666666666666	0.475	0.23	0.0	64.0	64.0	11.555320727138923	/home/lizhy/plp/trigger-free-pruning-defense-round2/result/llama_word_reproducible_rescue_sweep/phase5a/budget_top_21_phase5a_a1p5_s0p06_lr1p5e_5_t25/recovered_model
phase5a	budget_top_21_phase5a_a1p5_s0p08_lr1p5e_5_t25	budget_limited	1.5	0.08	1.5e-5	25	13	22fc6171a095ca085c1552182948883b2a9d5f1c8b99f9e0c273071f0023deb9	21	0	21	0.5416666666666666	0.45	0.25	0.0	64.0	64.0	11.576935771815068	/home/lizhy/plp/trigger-free-pruning-defense-round2/result/llama_word_reproducible_rescue_sweep/phase5a/budget_top_21_phase5a_a1p5_s0p08_lr1p5e_5_t25/recovered_model
phase5a	budget_top_21_phase5a_a2p0_s0p03_lr1p5e_5_t25	budget_limited	2.0	0.03	1.5e-5	25	13	22fc6171a095ca085c1552182948883b2a9d5f1c8b99f9e0c273071f0023deb9	21	0	21	0.5416666666666666	0.5	0.3	0.0	64.0	64.0	11.986425705222215	/home/lizhy/plp/trigger-free-pruning-defense-round2/result/llama_word_reproducible_rescue_sweep/phase5a/budget_top_21_phase5a_a2p0_s0p03_lr1p5e_5_t25/recovered_model
phase5a	budget_top_21_phase5a_a2p0_s0p04_lr1p5e_5_t25	budget_limited	2.0	0.04	1.5e-5	25	13	22fc6171a095ca085c1552182948883b2a9d5f1c8b99f9e0c273071f0023deb9	21	0	21	0.4583333333333333	0.5	0.27	0.0	64.0	64.0	11.98515903769779	/home/lizhy/plp/trigger-free-pruning-defense-round2/result/llama_word_reproducible_rescue_sweep/phase5a/budget_top_21_phase5a_a2p0_s0p04_lr1p5e_5_t25/recovered_model
phase5a	budget_top_21_phase5a_a2p0_s0p05_lr1p5e_5_t25	budget_limited	2.0	0.05	1.5e-5	25	13	22fc6171a095ca085c1552182948883b2a9d5f1c8b99f9e0c273071f0023deb9	21	0	21	0.5583333333333333	0.475	0.2	0.0	64.0	64.0	12.182505676872813	/home/lizhy/plp/trigger-free-pruning-defense-round2/result/llama_word_reproducible_rescue_sweep/phase5a/budget_top_21_phase5a_a2p0_s0p05_lr1p5e_5_t25/recovered_model
phase5a	budget_top_21_phase5a_a2p0_s0p06_lr1p5e_5_t25	budget_limited	2.0	0.06	1.5e-5	25	13	22fc6171a095ca085c1552182948883b2a9d5f1c8b99f9e0c273071f0023deb9	21	0	21	0.48333333333333334	0.49166666666666664	0.19	0.0	64.0	64.0	11.996535442244957	/home/lizhy/plp/trigger-free-pruning-defense-round2/result/llama_word_reproducible_rescue_sweep/phase5a/budget_top_21_phase5a_a2p0_s0p06_lr1p5e_5_t25/recovered_model
phase5a	budget_top_21_phase5a_a2p0_s0p08_lr1p5e_5_t25	budget_limited	2.0	0.08	1.5e-5	25	13	22fc6171a095ca085c1552182948883b2a9d5f1c8b99f9e0c273071f0023deb9	21	0	21	0.5583333333333333	0.45	0.16	0.0	64.0	64.0	11.891900515175646	/home/lizhy/plp/trigger-free-pruning-defense-round2/result/llama_word_reproducible_rescue_sweep/phase5a/budget_top_21_phase5a_a2p0_s0p08_lr1p5e_5_t25/recovered_model
phase5a	budget_top_50_phase5a_a1p0_s0p03_lr1p5e_5_t25	budget_limited	1.0	0.03	1.5e-5	25	13	700774a6d6b4ea0137a205fc8d8cd02451e3c616fc81d50a6725b93fb3826d3f	50	0	50	0.5	0.5333333333333333	0.12	0.0	63.98529411764706	64.0	11.007882158701625	/home/lizhy/plp/trigger-free-pruning-defense-round2/result/llama_word_reproducible_rescue_sweep/phase5a/budget_top_50_phase5a_a1p0_s0p03_lr1p5e_5_t25/recovered_model
phase5a	budget_top_50_phase5a_a1p0_s0p04_lr1p5e_5_t25	budget_limited	1.0	0.04	1.5e-5	25	13	700774a6d6b4ea0137a205fc8d8cd02451e3c616fc81d50a6725b93fb3826d3f	50	0	50	0.525	0.5166666666666667	0.2	0.0	63.976470588235294	64.0	10.983547295854711	/home/lizhy/plp/trigger-free-pruning-defense-round2/result/llama_word_reproducible_rescue_sweep/phase5a/budget_top_50_phase5a_a1p0_s0p04_lr1p5e_5_t25/recovered_model
