stage	seconds	rc	tag	finished_at
score	722	0	seed_13_main_b1379_g0	2026-06-25 18:35:45
recovery	240	0	seed_13_main_b1379_g0	2026-06-25 18:39:46
asr_harmref_bfr	843	0	seed_13_main_b1379_g0	2026-06-25 18:53:50
rolling_ppl	241	0	seed_13_main_b1379_g0	2026-06-25 18:57:51
score	723	0	seed_17_main_b1379_g0	2026-06-25 19:09:59
recovery	241	0	seed_17_main_b1379_g0	2026-06-25 19:14:00
asr_harmref_bfr	843	0	seed_17_main_b1379_g0	2026-06-25 19:28:04
rolling_ppl	241	0	seed_17_main_b1379_g0	2026-06-25 19:32:05
score	722	0	seed_23_main_b1379_g0	2026-06-25 19:44:13
recovery	241	0	seed_23_main_b1379_g0	2026-06-25 19:48:14
asr_harmref_bfr	843	0	seed_23_main_b1379_g0	2026-06-25 20:02:18
rolling_ppl	241	0	seed_23_main_b1379_g0	2026-06-25 20:06:19
score	120	1	budget_001_seed13	2026-06-25 20:08:25
score	722	0	budget_003_seed13	2026-06-25 20:20:29
recovery	241	0	budget_003_seed13	2026-06-25 20:24:30
asr_harmref_bfr	963	0	budget_003_seed13	2026-06-25 20:40:34
rolling_ppl	241	0	budget_003_seed13	2026-06-25 20:44:36
score	121	1	budget_005_seed13	2026-06-25 20:46:43
score	120	1	budget_010_seed13	2026-06-25 20:48:44
score	121	1	gate_nogate_seed13	2026-06-25 20:50:46
score	120	1	gate_p0.05_seed13	2026-06-25 20:52:47
score	121	1	gate_0_seed13	2026-06-25 20:54:49
score	722	0	gate_m0.02_seed13	2026-06-25 21:06:52
recovery	120	1	gate_m0.02_seed13	2026-06-25 21:08:53
score	120	1	gate_m0.05_seed13	2026-06-25 21:10:57
score	120	1	steps_10_seed13	2026-06-25 21:12:59
score	121	1	steps_25_seed13	2026-06-25 21:15:01
score	120	1	steps_50_seed13	2026-06-25 21:17:02
score	121	1	lr_3e-6_seed13	2026-06-25 21:19:04
score	120	1	lr_5e-6_seed13	2026-06-25 21:21:05
score	120	1	lr_1p5e-5_seed13	2026-06-25 21:23:07
score	121	1	lr_3e-5_seed13	2026-06-25 21:25:09
score	120	1	lambda_align_1p0_seed13	2026-06-25 21:27:10
score	121	1	lambda_align_1p5_seed13	2026-06-25 21:29:12
score	120	1	lambda_align_2p0_seed13	2026-06-25 21:31:13
score	121	1	lambda_align_2p5_seed13	2026-06-25 21:33:15
score	120	1	lambda_safe_0_seed13	2026-06-25 21:35:16
score	120	1	lambda_safe_0p04_seed13	2026-06-25 21:37:18
score	121	1	lambda_safe_0p08_seed13	2026-06-25 21:39:20
score	120	1	lambda_safe_0p12_seed13	2026-06-25 21:41:21
score	722	0	budget_001_seed13	2026-06-26 01:14:31
recovery	241	0	budget_001_seed13	2026-06-26 01:18:33
asr_harmref_bfr	843	0	budget_001_seed13	2026-06-26 01:32:37
rolling_ppl	241	0	budget_001_seed13	2026-06-26 01:36:39
score	722	0	budget_005_seed13	2026-06-26 01:48:48
recovery	241	0	budget_005_seed13	2026-06-26 01:52:50
asr_harmref_bfr	843	0	budget_005_seed13	2026-06-26 02:06:54
rolling_ppl	240	0	budget_005_seed13	2026-06-26 02:10:55
score	722	0	budget_010_seed13	2026-06-26 02:23:04
recovery	241	0	budget_010_seed13	2026-06-26 02:27:06
asr_harmref_bfr	843	0	budget_010_seed13	2026-06-26 02:41:10
rolling_ppl	240	0	budget_010_seed13	2026-06-26 02:45:11
score	722	0	gate_nogate_seed13	2026-06-26 02:57:20
recovery	241	0	gate_nogate_seed13	2026-06-26 03:01:22
asr_harmref_bfr	722	0	gate_nogate_seed13	2026-06-26 03:13:25
rolling_ppl	241	0	gate_nogate_seed13	2026-06-26 03:17:27
score	722	0	gate_p0.05_seed13	2026-06-26 03:29:36
recovery	241	0	gate_p0.05_seed13	2026-06-26 03:33:38
asr_harmref_bfr	963	0	gate_p0.05_seed13	2026-06-26 03:49:42
rolling_ppl	241	0	gate_p0.05_seed13	2026-06-26 03:53:44
score	722	0	gate_0_seed13	2026-06-26 04:05:53
recovery	241	0	gate_0_seed13	2026-06-26 04:09:55
asr_harmref_bfr	843	0	gate_0_seed13	2026-06-26 04:23:59
rolling_ppl	241	0	gate_0_seed13	2026-06-26 04:28:01
score	722	0	gate_m0.02_seed13	2026-06-26 04:40:10
recovery	241	0	gate_m0.02_seed13	2026-06-26 04:44:12
asr_harmref_bfr	843	0	gate_m0.02_seed13	2026-06-26 04:58:16
rolling_ppl	240	0	gate_m0.02_seed13	2026-06-26 05:02:17
score	722	0	gate_m0.05_seed13	2026-06-26 05:14:26
recovery	241	0	gate_m0.05_seed13	2026-06-26 05:18:28
asr_harmref_bfr	722	0	gate_m0.05_seed13	2026-06-26 05:30:31
rolling_ppl	241	0	gate_m0.05_seed13	2026-06-26 05:34:33
score	722	0	steps_10_seed13	2026-06-26 05:46:42
recovery	120	0	steps_10_seed13	2026-06-26 05:48:43
asr_harmref_bfr	842	0	steps_10_seed13	2026-06-26 06:02:47
rolling_ppl	240	0	steps_10_seed13	2026-06-26 06:06:49
score	722	0	steps_25_seed13	2026-06-26 06:18:58
recovery	241	0	steps_25_seed13	2026-06-26 06:23:00
asr_harmref_bfr	963	0	steps_25_seed13	2026-06-26 06:39:04
rolling_ppl	241	0	steps_25_seed13	2026-06-26 06:43:06
score	723	0	steps_50_seed13	2026-06-26 06:55:15
recovery	241	0	steps_50_seed13	2026-06-26 06:59:17
asr_harmref_bfr	361	0	steps_50_seed13	2026-06-26 07:05:19
rolling_ppl	241	0	steps_50_seed13	2026-06-26 07:09:21
score	723	0	lr_3e-6_seed13	2026-06-26 07:21:30
recovery	240	0	lr_3e-6_seed13	2026-06-26 07:25:31
asr_harmref_bfr	842	0	lr_3e-6_seed13	2026-06-26 07:39:35
rolling_ppl	240	0	lr_3e-6_seed13	2026-06-26 07:43:37
score	722	0	lr_5e-6_seed13	2026-06-26 07:55:46
recovery	241	0	lr_5e-6_seed13	2026-06-26 07:59:48
asr_harmref_bfr	843	0	lr_5e-6_seed13	2026-06-26 08:13:52
rolling_ppl	241	0	lr_5e-6_seed13	2026-06-26 08:17:54
score	723	0	lr_1p5e-5_seed13	2026-06-26 08:30:03
recovery	241	0	lr_1p5e-5_seed13	2026-06-26 08:34:05
asr_harmref_bfr	481	0	lr_1p5e-5_seed13	2026-06-26 08:42:07
rolling_ppl	241	0	lr_1p5e-5_seed13	2026-06-26 08:46:09
score	722	0	lr_3e-5_seed13	2026-06-26 08:58:18
recovery	241	0	lr_3e-5_seed13	2026-06-26 09:02:20
asr_harmref_bfr	602	0	lr_3e-5_seed13	2026-06-26 09:12:23
rolling_ppl	241	0	lr_3e-5_seed13	2026-06-26 09:16:25
score	723	0	lambda_align_1p0_seed13	2026-06-26 09:28:34
recovery	240	0	lambda_align_1p0_seed13	2026-06-26 09:32:35
asr_harmref_bfr	843	0	lambda_align_1p0_seed13	2026-06-26 09:46:40
rolling_ppl	241	0	lambda_align_1p0_seed13	2026-06-26 09:50:42
score	722	0	lambda_align_1p5_seed13	2026-06-26 10:02:50
recovery	120	1	lambda_align_1p5_seed13	2026-06-26 10:11:55
score	723	0	lambda_align_2p0_seed13	2026-06-26 13:39:04
recovery	241	0	lambda_align_2p0_seed13	2026-06-26 13:43:06
